SALUTATION,Miss
LASTNAME,Automated
FIRST_NAME,Donna
MIDDLE_NAME,Jess
MONTH,Jan
DAY,12
YEAR,1991
RACE,Asian
MARTIAL_STATUS,Single
RESIDENT_STATUS,Permanent Resident
PERMANENT_RESIDENT_ID,PR2045702
PERSON_MEDICAL_CONDITION,Healthy
DISTINGUISH_MARK,A mole on right thumb
EYE_COLOR,Amber
HAIR_COLOR,Black
ETHNICITY,Hispanic or Latino
FORMATTEDSSN,123456789
SECURITY_QUESTION,What is the city you are born in?
SECURITYANSWER,New York
MOTHERMAIDENNAME,Geller
DRIVING_LICENSE_STATUS,Active
DRIVERS_LICENSE_ID,Automated
ADDRESS_TYPE,Home Address
ADDRESS_LINE_1,803
ADDRESS_LINE_2,Ivy Street
COUNTRY,United States
STATE,Maryland
CITY,Chevy Chase
ZIP_CODE,18652
COMMUNICATION_TYPE,Home Email
COMMUNICATION_VALUE_1,telerikautomation@outlook.com
COMMUNICATION_TYPE_2,Home Phone
COMMUNICATION_VALUE_2,(586) 487-6984
CARRIER,Sprint
METHOD,Mail
TIME,8 AM - 10 AM
LANGUAGE,English